USE `resto2`;

INSERT INTO `resto` (`idR`, `nomR`, `numAdrR`, `voieAdrR`, `cpR`, `villeR`, `latitudeDegR`, `longitudeDegR`, `descR`, `horairesR`) VALUES
(1, 'l entrepote', '2', 'rue Maurice Ravel', '33000', 'Bordeaux', 44.7948, -0.58754, 'description', '<table>\n    <thead>\n        <tr>\n            <th>Ouverture</th><th>Semaine</th>	<th>Week-end</th>\n        </tr>\n    </thead>\n    <tbody>\n        <tr>\n            <td class=\"label\">Midi</td>\n            <td class=\"cell\">de 11h45 à 14h30</td>\n            <td class=\"cell\">de 11h45 à 15h00</td>\n        </tr>\n        <tr>\n            <td class=\"label\">Soir</td>\n            <td class=\"cell\">de 18h45 à 22h30</td>\n            <td class=\"cell\">de 18h45 à 1h</td>	\n        </tr>\n        <tr>\n            <td class=\"label\">À emporter</td>\n            <td class=\"cell\">de 11h30 à 23h</td>\n            <td class=\"cell\">de 11h30 à 2h</td>\n        </tr>\n    </tbody>\n</table>'),
(2, 'le bar du charcutier', '30', 'rue Parlement Sainte-Catherine', '33000', 'Bordeaux', NULL, NULL, 'description', '<table>\r\n    <thead>\r\n        <tr>\r\n            <th>Ouverture</th><th>Semaine</th>	<th>Week-end</th>\r\n        </tr>\r\n    </thead>\r\n    <tbody>\r\n        <tr>\r\n            <td class=\"label\">Midi</td>\r\n            <td class=\"cell\">de 11h45 à 14h30</td>\r\n            <td class=\"cell\">de 11h45 à 15h00</td>\r\n        </tr>\r\n        <tr>\r\n            <td class=\"label\">Soir</td>\r\n            <td class=\"cell\">de 18h45 à 22h30</td>\r\n            <td class=\"cell\">de 18h45 à 1h</td>	\r\n        </tr>\r\n        <tr>\r\n            <td class=\"label\">À emporter</td>\r\n            <td class=\"cell\">de 11h30 à 23h</td>\r\n            <td class=\"cell\">de 11h30 à 2h</td>\r\n        </tr>\r\n    </tbody>\r\n</table>'),
(3, 'Sapporo', '33', 'rue Saint Rémi', '33000', 'Bordeaux', NULL, NULL, 'Le Sapporo propose à ses clients de délicieux plats typiques japonais.', '<table>\r\n    <thead>\r\n        <tr>\r\n            <th>Ouverture</th><th>Semaine</th>	<th>Week-end</th>\r\n        </tr>\r\n    </thead>\r\n    <tbody>\r\n        <tr>\r\n            <td class=\"label\">Midi</td>\r\n            <td class=\"cell\">de 11h45 à 14h30</td>\r\n            <td class=\"cell\">de 11h45 à 15h00</td>\r\n        </tr>\r\n        <tr>\r\n            <td class=\"label\">Soir</td>\r\n            <td class=\"cell\">de 18h45 à 22h30</td>\r\n            <td class=\"cell\">de 18h45 à 1h</td>	\r\n        </tr>\r\n        <tr>\r\n            <td class=\"label\">À emporter</td>\r\n            <td class=\"cell\">de 11h30 à 23h</td>\r\n            <td class=\"cell\">de 11h30 à 2h</td>\r\n        </tr>\r\n    </tbody>\r\n</table>'),
(4, 'Cidrerie du fronton', NULL, 'Place du Fronton', '64210', 'Arbonne', NULL, NULL, 'description', '<table>\r\n    <thead>\r\n        <tr>\r\n            <th>Ouverture</th><th>Semaine</th>	<th>Week-end</th>\r\n        </tr>\r\n    </thead>\r\n    <tbody>\r\n        <tr>\r\n            <td class=\"label\">Midi</td>\r\n            <td class=\"cell\">de 11h45 à 14h30</td>\r\n            <td class=\"cell\">de 11h45 à 15h00</td>\r\n        </tr>\r\n        <tr>\r\n            <td class=\"label\">Soir</td>\r\n            <td class=\"cell\">de 18h45 à 22h30</td>\r\n            <td class=\"cell\">de 18h45 à 1h</td>	\r\n        </tr>\r\n        <tr>\r\n            <td class=\"label\">À emporter</td>\r\n            <td class=\"cell\">de 11h30 à 23h</td>\r\n            <td class=\"cell\">de 11h30 à 2h</td>\r\n        </tr>\r\n    </tbody>\r\n</table>'),
(5, 'Agadir', '3', 'Rue Sainte-Catherine', '64100', 'Bayonne', NULL, NULL, 'description', '<table>\r\n    <thead>\r\n        <tr>\r\n            <th>Ouverture</th><th>Semaine</th>	<th>Week-end</th>\r\n        </tr>\r\n    </thead>\r\n    <tbody>\r\n        <tr>\r\n            <td class=\"label\">Midi</td>\r\n            <td class=\"cell\">de 11h45 à 14h30</td>\r\n            <td class=\"cell\">de 11h45 à 15h00</td>\r\n        </tr>\r\n        <tr>\r\n            <td class=\"label\">Soir</td>\r\n            <td class=\"cell\">de 18h45 à 22h30</td>\r\n            <td class=\"cell\">de 18h45 à 1h</td>	\r\n        </tr>\r\n        <tr>\r\n            <td class=\"label\">À emporter</td>\r\n            <td class=\"cell\">de 11h30 à 23h</td>\r\n            <td class=\"cell\">de 11h30 à 2h</td>\r\n        </tr>\r\n    </tbody>\r\n</table>'),
(6, 'Le Bistrot Sainte Cluque', '9', 'Rue Hugues', '64100', 'Bayonne', NULL, NULL, 'description', '<table>\r\n    <thead>\r\n        <tr>\r\n            <th>Ouverture</th><th>Semaine</th>	<th>Week-end</th>\r\n        </tr>\r\n    </thead>\r\n    <tbody>\r\n        <tr>\r\n            <td class=\"label\">Midi</td>\r\n            <td class=\"cell\">de 11h45 à 14h30</td>\r\n            <td class=\"cell\">de 11h45 à 15h00</td>\r\n        </tr>\r\n        <tr>\r\n            <td class=\"label\">Soir</td>\r\n            <td class=\"cell\">de 18h45 à 22h30</td>\r\n            <td class=\"cell\">de 18h45 à 1h</td>	\r\n        </tr>\r\n        <tr>\r\n            <td class=\"label\">À emporter</td>\r\n            <td class=\"cell\">de 11h30 à 23h</td>\r\n            <td class=\"cell\">de 11h30 à 2h</td>\r\n        </tr>\r\n    </tbody>\r\n</table>'),
(7, 'la petite auberge', '15', 'rue des cordeliers', '64100', 'Bayonne', NULL, NULL, 'description', '<table>\r\n    <thead>\r\n        <tr>\r\n            <th>Ouverture</th><th>Semaine</th>	<th>Week-end</th>\r\n        </tr>\r\n    </thead>\r\n    <tbody>\r\n        <tr>\r\n            <td class=\"label\">Midi</td>\r\n            <td class=\"cell\">de 11h45 à 14h30</td>\r\n            <td class=\"cell\">de 11h45 à 15h00</td>\r\n        </tr>\r\n        <tr>\r\n            <td class=\"label\">Soir</td>\r\n            <td class=\"cell\">de 18h45 à 22h30</td>\r\n            <td class=\"cell\">de 18h45 à 1h</td>	\r\n        </tr>\r\n        <tr>\r\n            <td class=\"label\">À emporter</td>\r\n            <td class=\"cell\">de 11h30 à 23h</td>\r\n            <td class=\"cell\">de 11h30 à 2h</td>\r\n        </tr>\r\n    </tbody>\r\n</table>'),
(8, 'La table de POTTOKA', '21', 'Quai Amiral Dubourdieu', '64100', 'Bayonne', NULL, NULL, 'description', '<table>\r\n    <thead>\r\n        <tr>\r\n            <th>Ouverture</th><th>Semaine</th>	<th>Week-end</th>\r\n        </tr>\r\n    </thead>\r\n    <tbody>\r\n        <tr>\r\n            <td class=\"label\">Midi</td>\r\n            <td class=\"cell\">de 11h45 à 14h30</td>\r\n            <td class=\"cell\">de 11h45 à 15h00</td>\r\n        </tr>\r\n        <tr>\r\n            <td class=\"label\">Soir</td>\r\n            <td class=\"cell\">de 18h45 à 22h30</td>\r\n            <td class=\"cell\">de 18h45 à 1h</td>	\r\n        </tr>\r\n        <tr>\r\n            <td class=\"label\">À emporter</td>\r\n            <td class=\"cell\">de 11h30 à 23h</td>\r\n            <td class=\"cell\">de 11h30 à 2h</td>\r\n        </tr>\r\n    </tbody>\r\n</table>'),
(9, 'La Rotisserie du Roy Léon', '8', 'rue de coursic', '64100', 'Bayonne', NULL, NULL, 'description', '<table>\r\n    <thead>\r\n        <tr>\r\n            <th>Ouverture</th><th>Semaine</th>	<th>Week-end</th>\r\n        </tr>\r\n    </thead>\r\n    <tbody>\r\n        <tr>\r\n            <td class=\"label\">Midi</td>\r\n            <td class=\"cell\">de 11h45 à 14h30</td>\r\n            <td class=\"cell\">de 11h45 à 15h00</td>\r\n        </tr>\r\n        <tr>\r\n            <td class=\"label\">Soir</td>\r\n            <td class=\"cell\">de 18h45 à 22h30</td>\r\n            <td class=\"cell\">de 18h45 à 1h</td>	\r\n        </tr>\r\n        <tr>\r\n            <td class=\"label\">À emporter</td>\r\n            <td class=\"cell\">de 11h30 à 23h</td>\r\n            <td class=\"cell\">de 11h30 à 2h</td>\r\n        </tr>\r\n    </tbody>\r\n</table>'),
(10, 'Bar du Marché', '39', 'Rue des Basques', '64100', 'Bayonne', NULL, NULL, 'description', '<table>\r\n    <thead>\r\n        <tr>\r\n            <th>Ouverture</th><th>Semaine</th>	<th>Week-end</th>\r\n        </tr>\r\n    </thead>\r\n    <tbody>\r\n        <tr>\r\n            <td class=\"label\">Midi</td>\r\n            <td class=\"cell\">de 11h45 à 14h30</td>\r\n            <td class=\"cell\">de 11h45 à 15h00</td>\r\n        </tr>\r\n        <tr>\r\n            <td class=\"label\">Soir</td>\r\n            <td class=\"cell\">de 18h45 à 22h30</td>\r\n            <td class=\"cell\">de 18h45 à 1h</td>	\r\n        </tr>\r\n        <tr>\r\n            <td class=\"label\">À emporter</td>\r\n            <td class=\"cell\">de 11h30 à 23h</td>\r\n            <td class=\"cell\">de 11h30 à 2h</td>\r\n        </tr>\r\n    </tbody>\r\n</table>'),
(11, 'Trinquet Moderne', '60', 'Avenue Dubrocq', '64100', 'Bayonne', NULL, NULL, 'description', '<table>\r\n    <thead>\r\n        <tr>\r\n            <th>Ouverture</th><th>Semaine</th>	<th>Week-end</th>\r\n        </tr>\r\n    </thead>\r\n    <tbody>\r\n        <tr>\r\n            <td class=\"label\">Midi</td>\r\n            <td class=\"cell\">de 11h45 à 14h30</td>\r\n            <td class=\"cell\">de 11h45 à 15h00</td>\r\n        </tr>\r\n        <tr>\r\n            <td class=\"label\">Soir</td>\r\n            <td class=\"cell\">de 18h45 à 22h30</td>\r\n            <td class=\"cell\">de 18h45 à 1h</td>	\r\n        </tr>\r\n        <tr>\r\n            <td class=\"label\">À emporter</td>\r\n            <td class=\"cell\">de 11h30 à 23h</td>\r\n            <td class=\"cell\">de 11h30 à 2h</td>\r\n        </tr>\r\n    </tbody>\r\n</table>');

INSERT INTO `utilisateur` (`idU`, `mailU`, `mdpU`, `pseudoU`) VALUES
(1, 'alex.garat@gmail.com', '$1$zvN5hYSQSQDFUIQSdufUQSDFznHF5osT.', '@lex'),
(2, 'jj.soueix@gmail.com', '$1$zvN5hYMI$SDFGSDFGJqJSDJF.', 'drskott'),
(3, 'mathieu.capliez@gmail.com', 'seSzpoUAQgIl.', 'pich'),
(4, 'michel.garay@gmail.com', '$1$zvN5hYMI$VSatLQ6SDFGdsfgznHF5osT.', 'Mitch'),
(5, 'nicolas.harispe@gmail.com', '$1$zvNDSFQSdfqsDfQsdfsT.', 'Nico40'),
(6, 'test@bts.sio', 'seSzpoUAQgIl.', 'testeur SIO'),
(7, 'yann@lechambon.fr', 'sej6dETYl/ea.', 'yann');

INSERT INTO `aimer` (`idR`, `idU`) VALUES
(1, 3),
(1, 4),
(1, 7),
(2, 3),
(3, 3),
(4, 3),
(4, 6),
(5, 6),
(6, 6),
(7, 3),
(7, 6),
(8, 3),
(8, 6),
(8, 7),
(10, 1),
(11, 5);


INSERT INTO `administrateur` (`mdpA`,`pseudoA`,`role`) VALUES
('f957c3b748aa5d068f8d9f7f320ca1c3','Mvictor','Administrateur'),
('d41e98d1eafa6d6011d3a70f1a5b92f0','Acassard','responsable'),
('723894c312ec30d64e25b30e796522e4','Falexis','Administrateur');

INSERT INTO `responsable` (`idA`) VALUES
(2);

INSERT INTO `critiquer` (`commentaire`, `date`, `note`, `idR`, `idU`, `idA`) VALUES
('moyen', '2023-04-11 20:41:57', 3, 1, 2, NULL),
('Très bonne entrecote, les frites sont maisons et delicieuses.', '2019-04-10 20:42:12', 3, 1, 3, NULL),
('Très bon accueil.', '2023-04-08 20:42:22', 4, 1, 5, NULL),
('5/5 parce que j aime les entrecotes', '0001-04-24 13:33:43', 4, 1, 6, NULL),
('le pass sanitaire cest pas pratique  !', '2019-08-15 13:34:49', 5, 1, 7, NULL),
('bof.', '2018-03-21 13:34:29', 2, 2, 2, NULL),
('À éviter...', '2013-04-01 13:35:51', 1, 2, 3, NULL),
('Cuisine tres moyenne.', '1678-10-15 13:36:03', 1, 2, 5, NULL),
('Miam', '2022-12-12 13:37:14', 5, 2, 6, NULL),
(NULL, '2017-05-26 13:37:52', 5, 4, 3, NULL),
('Rapide.', '2016-07-08 13:36:58', 5, 4, 5, NULL),
('Cuisine correcte.', '2023-08-11 13:37:25', 3, 5, 5, NULL),
('Cuisine de qualité.', '2023-06-03 13:38:02', 4, 6, 5, NULL),
('Bon accueil.', '2023-02-20 13:38:30', 4, 7, 1, NULL),
(NULL, '2018-12-25 13:38:09', 3, 7, 3, NULL),
('Excellent.', '2023-02-09 13:38:38', 5, 7, 5, NULL),
(NULL, '2023-04-15 13:38:23', 1, 8, 6, NULL),
(NULL, '2012-11-28 13:37:37', 4, 8, 7, NULL),
('Très bon accueil :)', '2022-08-31 13:36:48', 4, 9, 3, NULL);

INSERT INTO `typesResto` (`idTC`, `libelleTC`) VALUES
(1, 'sud ouest'),
(2, 'japonaise'),
(3, 'orientale'),
(4, 'fastfood '),
(5, 'vegetarienne'),
(6, 'vegan'),
(7, 'crepe'),
(8, 'sandwich'),
(9, 'tartes'),
(10, 'viande'),
(11, 'grillade');

INSERT INTO `liaisontypes` (`idResto`, `idTypes`) VALUES
(1, 1),
(2, 1),
(3, 3),
(4, 1),
(4, 8),
(4, 11),
(5, 3),
(6, 6),
(7, 11),
(8, 10),
(9, 1),
(10, 1),
(11, 10);

INSERT INTO `photo` (`idP`, `cheminP`, `idR`) VALUES
(0, 'entrepote.jpg', 1),
(2, 'sapporo.jpg', 3),
(3, 'restaurant_entrepotes.jpg', 1),
(4, 'barDuCharcutier.jpg', 2),
(6, 'cidrerieDuFronton.jpg', 4),
(7, 'agadir.jpg', 5),
(8, 'leBistrotSainteCluque.jpg', 6),
(9, 'auberge.jpg', 7),
(10, 'laTableDePottoka.jpg', 8),
(11, 'rotisserieDuRoyLeon.jpg', 9),
(12, 'barDuMarche.jpg', 10),
(13, 'trinquetModerne.jpg', 11),
(14, 'cidrerieDuFronton2.jpg', 4),
(15, 'cidrerieDuFronton3.jpg', 4);

