USE `resto2`;

INSERT INTO `resto` (`idR`, `nomR`, `numAdrR`, `voieAdrR`, `cpR`, `villeR`, `latitudeDegR`, `longitudeDegR`, `descR`, `horairesR`) VALUES
(1, 'l entrepote', '2', 'rue Maurice Ravel', '33000', 'Bordeaux', 44.7948, -0.58754, 'description', '<table>\n    <thead>\n        <tr>\n            <th>Ouverture</th><th>Semaine</th>	<th>Week-end</th>\n        </tr>\n    </thead>\n    <tbody>\n        <tr>\n            <td class=\"label\">Midi</td>\n            <td class=\"cell\">de 11h45 à 14h30</td>\n            <td class=\"cell\">de 11h45 à 15h00</td>\n        </tr>\n        <tr>\n            <td class=\"label\">Soir</td>\n            <td class=\"cell\">de 18h45 à 22h30</td>\n            <td class=\"cell\">de 18h45 à 1h</td>	\n        </tr>\n        <tr>\n            <td class=\"label\">À emporter</td>\n            <td class=\"cell\">de 11h30 à 23h</td>\n            <td class=\"cell\">de 11h30 à 2h</td>\n        </tr>\n    </tbody>\n</table>'),
(2, 'le bar du charcutier', '30', 'rue Parlement Sainte-Catherine', '33000', 'Bordeaux', NULL, NULL, 'description', '<table>\r\n    <thead>\r\n        <tr>\r\n            <th>Ouverture</th><th>Semaine</th>	<th>Week-end</th>\r\n        </tr>\r\n    </thead>\r\n    <tbody>\r\n        <tr>\r\n            <td class=\"label\">Midi</td>\r\n            <td class=\"cell\">de 11h45 à 14h30</td>\r\n            <td class=\"cell\">de 11h45 à 15h00</td>\r\n        </tr>\r\n        <tr>\r\n            <td class=\"label\">Soir</td>\r\n            <td class=\"cell\">de 18h45 à 22h30</td>\r\n            <td class=\"cell\">de 18h45 à 1h</td>	\r\n        </tr>\r\n        <tr>\r\n            <td class=\"label\">À emporter</td>\r\n            <td class=\"cell\">de 11h30 à 23h</td>\r\n            <td class=\"cell\">de 11h30 à 2h</td>\r\n        </tr>\r\n    </tbody>\r\n</table>'),
(3, 'Sapporo', '33', 'rue Saint Rémi', '33000', 'Bordeaux', NULL, NULL, 'Le Sapporo propose à ses clients de délicieux plats typiques japonais.', '<table>\r\n    <thead>\r\n        <tr>\r\n            <th>Ouverture</th><th>Semaine</th>	<th>Week-end</th>\r\n        </tr>\r\n    </thead>\r\n    <tbody>\r\n        <tr>\r\n            <td class=\"label\">Midi</td>\r\n            <td class=\"cell\">de 11h45 à 14h30</td>\r\n            <td class=\"cell\">de 11h45 à 15h00</td>\r\n        </tr>\r\n        <tr>\r\n            <td class=\"label\">Soir</td>\r\n            <td class=\"cell\">de 18h45 à 22h30</td>\r\n            <td class=\"cell\">de 18h45 à 1h</td>	\r\n        </tr>\r\n        <tr>\r\n            <td class=\"label\">À emporter</td>\r\n            <td class=\"cell\">de 11h30 à 23h</td>\r\n            <td class=\"cell\">de 11h30 à 2h</td>\r\n        </tr>\r\n    </tbody>\r\n</table>'),
(4, 'Cidrerie du fronton', NULL, 'Place du Fronton', '64210', 'Arbonne', NULL, NULL, 'description', '<table>\r\n    <thead>\r\n        <tr>\r\n            <th>Ouverture</th><th>Semaine</th>	<th>Week-end</th>\r\n        </tr>\r\n    </thead>\r\n    <tbody>\r\n        <tr>\r\n            <td class=\"label\">Midi</td>\r\n            <td class=\"cell\">de 11h45 à 14h30</td>\r\n            <td class=\"cell\">de 11h45 à 15h00</td>\r\n        </tr>\r\n        <tr>\r\n            <td class=\"label\">Soir</td>\r\n            <td class=\"cell\">de 18h45 à 22h30</td>\r\n            <td class=\"cell\">de 18h45 à 1h</td>	\r\n        </tr>\r\n        <tr>\r\n            <td class=\"label\">À emporter</td>\r\n            <td class=\"cell\">de 11h30 à 23h</td>\r\n            <td class=\"cell\">de 11h30 à 2h</td>\r\n        </tr>\r\n    </tbody>\r\n</table>'),
(5, 'Agadir', '3', 'Rue Sainte-Catherine', '64100', 'Bayonne', NULL, NULL, 'description', '<table>\r\n    <thead>\r\n        <tr>\r\n            <th>Ouverture</th><th>Semaine</th>	<th>Week-end</th>\r\n        </tr>\r\n    </thead>\r\n    <tbody>\r\n        <tr>\r\n            <td class=\"label\">Midi</td>\r\n            <td class=\"cell\">de 11h45 à 14h30</td>\r\n            <td class=\"cell\">de 11h45 à 15h00</td>\r\n        </tr>\r\n        <tr>\r\n            <td class=\"label\">Soir</td>\r\n            <td class=\"cell\">de 18h45 à 22h30</td>\r\n            <td class=\"cell\">de 18h45 à 1h</td>	\r\n        </tr>\r\n        <tr>\r\n            <td class=\"label\">À emporter</td>\r\n            <td class=\"cell\">de 11h30 à 23h</td>\r\n            <td class=\"cell\">de 11h30 à 2h</td>\r\n        </tr>\r\n    </tbody>\r\n</table>'),
(6, 'Le Bistrot Sainte Cluque', '9', 'Rue Hugues', '64100', 'Bayonne', NULL, NULL, 'description', '<table>\r\n    <thead>\r\n        <tr>\r\n            <th>Ouverture</th><th>Semaine</th>	<th>Week-end</th>\r\n        </tr>\r\n    </thead>\r\n    <tbody>\r\n        <tr>\r\n            <td class=\"label\">Midi</td>\r\n            <td class=\"cell\">de 11h45 à 14h30</td>\r\n            <td class=\"cell\">de 11h45 à 15h00</td>\r\n        </tr>\r\n        <tr>\r\n            <td class=\"label\">Soir</td>\r\n            <td class=\"cell\">de 18h45 à 22h30</td>\r\n            <td class=\"cell\">de 18h45 à 1h</td>	\r\n        </tr>\r\n        <tr>\r\n            <td class=\"label\">À emporter</td>\r\n            <td class=\"cell\">de 11h30 à 23h</td>\r\n            <td class=\"cell\">de 11h30 à 2h</td>\r\n        </tr>\r\n    </tbody>\r\n</table>'),
(7, 'la petite auberge', '15', 'rue des cordeliers', '64100', 'Bayonne', NULL, NULL, 'description', '<table>\r\n    <thead>\r\n        <tr>\r\n            <th>Ouverture</th><th>Semaine</th>	<th>Week-end</th>\r\n        </tr>\r\n    </thead>\r\n    <tbody>\r\n        <tr>\r\n            <td class=\"label\">Midi</td>\r\n            <td class=\"cell\">de 11h45 à 14h30</td>\r\n            <td class=\"cell\">de 11h45 à 15h00</td>\r\n        </tr>\r\n        <tr>\r\n            <td class=\"label\">Soir</td>\r\n            <td class=\"cell\">de 18h45 à 22h30</td>\r\n            <td class=\"cell\">de 18h45 à 1h</td>	\r\n        </tr>\r\n        <tr>\r\n            <td class=\"label\">À emporter</td>\r\n            <td class=\"cell\">de 11h30 à 23h</td>\r\n            <td class=\"cell\">de 11h30 à 2h</td>\r\n        </tr>\r\n    </tbody>\r\n</table>'),
(8, 'La table de POTTOKA', '21', 'Quai Amiral Dubourdieu', '64100', 'Bayonne', NULL, NULL, 'description', '<table>\r\n    <thead>\r\n        <tr>\r\n            <th>Ouverture</th><th>Semaine</th>	<th>Week-end</th>\r\n        </tr>\r\n    </thead>\r\n    <tbody>\r\n        <tr>\r\n            <td class=\"label\">Midi</td>\r\n            <td class=\"cell\">de 11h45 à 14h30</td>\r\n            <td class=\"cell\">de 11h45 à 15h00</td>\r\n        </tr>\r\n        <tr>\r\n            <td class=\"label\">Soir</td>\r\n            <td class=\"cell\">de 18h45 à 22h30</td>\r\n            <td class=\"cell\">de 18h45 à 1h</td>	\r\n        </tr>\r\n        <tr>\r\n            <td class=\"label\">À emporter</td>\r\n            <td class=\"cell\">de 11h30 à 23h</td>\r\n            <td class=\"cell\">de 11h30 à 2h</td>\r\n        </tr>\r\n    </tbody>\r\n</table>'),
(9, 'La Rotisserie du Roy Léon', '8', 'rue de coursic', '64100', 'Bayonne', NULL, NULL, 'description', '<table>\r\n    <thead>\r\n        <tr>\r\n            <th>Ouverture</th><th>Semaine</th>	<th>Week-end</th>\r\n        </tr>\r\n    </thead>\r\n    <tbody>\r\n        <tr>\r\n            <td class=\"label\">Midi</td>\r\n            <td class=\"cell\">de 11h45 à 14h30</td>\r\n            <td class=\"cell\">de 11h45 à 15h00</td>\r\n        </tr>\r\n        <tr>\r\n            <td class=\"label\">Soir</td>\r\n            <td class=\"cell\">de 18h45 à 22h30</td>\r\n            <td class=\"cell\">de 18h45 à 1h</td>	\r\n        </tr>\r\n        <tr>\r\n            <td class=\"label\">À emporter</td>\r\n            <td class=\"cell\">de 11h30 à 23h</td>\r\n            <td class=\"cell\">de 11h30 à 2h</td>\r\n        </tr>\r\n    </tbody>\r\n</table>'),
(10, 'Bar du Marché', '39', 'Rue des Basques', '64100', 'Bayonne', NULL, NULL, 'description', '<table>\r\n    <thead>\r\n        <tr>\r\n            <th>Ouverture</th><th>Semaine</th>	<th>Week-end</th>\r\n        </tr>\r\n    </thead>\r\n    <tbody>\r\n        <tr>\r\n            <td class=\"label\">Midi</td>\r\n            <td class=\"cell\">de 11h45 à 14h30</td>\r\n            <td class=\"cell\">de 11h45 à 15h00</td>\r\n        </tr>\r\n        <tr>\r\n            <td class=\"label\">Soir</td>\r\n            <td class=\"cell\">de 18h45 à 22h30</td>\r\n            <td class=\"cell\">de 18h45 à 1h</td>	\r\n        </tr>\r\n        <tr>\r\n            <td class=\"label\">À emporter</td>\r\n            <td class=\"cell\">de 11h30 à 23h</td>\r\n            <td class=\"cell\">de 11h30 à 2h</td>\r\n        </tr>\r\n    </tbody>\r\n</table>'),
(11, 'Trinquet Moderne', '60', 'Avenue Dubrocq', '64100', 'Bayonne', NULL, NULL, 'description', '<table>\r\n    <thead>\r\n        <tr>\r\n            <th>Ouverture</th><th>Semaine</th>	<th>Week-end</th>\r\n        </tr>\r\n    </thead>\r\n    <tbody>\r\n        <tr>\r\n            <td class=\"label\">Midi</td>\r\n            <td class=\"cell\">de 11h45 à 14h30</td>\r\n            <td class=\"cell\">de 11h45 à 15h00</td>\r\n        </tr>\r\n        <tr>\r\n            <td class=\"label\">Soir</td>\r\n            <td class=\"cell\">de 18h45 à 22h30</td>\r\n            <td class=\"cell\">de 18h45 à 1h</td>	\r\n        </tr>\r\n        <tr>\r\n            <td class=\"label\">À emporter</td>\r\n            <td class=\"cell\">de 11h30 à 23h</td>\r\n            <td class=\"cell\">de 11h30 à 2h</td>\r\n        </tr>\r\n    </tbody>\r\n</table>');

INSERT INTO `utilisateur` (`idU`, `mailU`, `mdpU`, `pseudoU`) VALUES
(1, 'alex.garat@gmail.com', '$1$zvN5hYSQSQDFUIQSdufUQSDFznHF5osT.', '@lex'),
(2, 'jj.soueix@gmail.com', '$1$zvN5hYMI$SDFGSDFGJqJSDJF.', 'drskott'),
(3, 'mathieu.capliez@gmail.com', 'seSzpoUAQgIl.', 'pich'),
(4, 'michel.garay@gmail.com', '$1$zvN5hYMI$VSatLQ6SDFGdsfgznHF5osT.', 'Mitch'),
(5, 'nicolas.harispe@gmail.com', '$1$zvNDSFQSdfqsDfQsdfsT.', 'Nico40'),
(6, 'test@bts.sio', 'seSzpoUAQgIl.', 'testeur SIO'),
(7, 'yann@lechambon.fr', 'sej6dETYl/ea.', 'yann');

INSERT INTO `aimer` (`idR`, `idU`) VALUES
(1, 3),
(1, 4),
(1, 7),
(2, 3),
(3, 3),
(4, 3),
(4, 6),
(5, 6),
(6, 6),
(7, 3),
(7, 6),
(8, 3),
(8, 6),
(8, 7),
(10, 1),
(11, 5);

INSERT INTO `administrateur` (`mdpA`,`pseudoA`,`role`) VALUES
('f957c3b748aa5d068f8d9f7f320ca1c3','Mvictor','Administrateur'),
('d41e98d1eafa6d6011d3a70f1a5b92f0','Acassard','responsable'),
('723894c312ec30d64e25b30e796522e4','Falexis','Administrateur');

INSERT INTO `responsable` (`idA`) VALUES
(2);

INSERT INTO `critiquer` (`idR`, `note`, `commentaire`, `idU`, `date`) VALUES
(1, 3, 'moyen', 2, '2022-01-03'),(1, 3, 'Très bonne entrecote, les frites sont maisons et delicieuses.', 3, '2022-03-30'),(1, 4, 'Très bon accueil.', 5, '2022-07-11'),(1, 4, '5/5 parce que j aime les entrecotes', 6, '2022-10-10'),(1, 5, NULL, 7, '2022-11-14'),(2, 2, 'bof.', 2, '2022-08-19'),(2, 1, 'À éviter...', 3, '2022-06-03'),(2, 1, 'Cuisine tres moyenne.', 5, '2022-10-14'),(2, 5, NULL, 6, '2022-02-07'),(4, 5, NULL, 3, '2022-02-03'),(4, 5, 'Rapide.', 5, '2022-08-16'),(5, 3, 'Cuisine correcte.', 5, '2022-07-08'),(6, 4, 'Cuisine de qualité.', 5, '2022-08-19'),(7, 4, 'Bon accueil.', 1, '2022-01-02'),(7, NULL, NULL, 3, '2022-06-21'),(7, 5, 'Excellent.', 5, '2022-08-30'),(8, 1, NULL, 6, '2022-02-06'),(8, 4, NULL, 7, '2022-04-17'),(9, 4, 'Très bon accueil :)', 3, '2022-11-11');
INSERT INTO `typesResto` (`idTC`, `libelleTC`) VALUES
(1, 'sud ouest'),
(2, 'japonaise'),
(3, 'orientale'),
(4, 'fastfood '),
(5, 'vegetarienne'),
(6, 'vegan'),
(7, 'crepe'),
(8, 'sandwich'),
(9, 'tartes'),
(10, 'viande'),
(11, 'grillade');

INSERT INTO `liaisontypes` (`idResto`, `idTypes`) VALUES
(1, 1),
(2, 1),
(3, 3),
(4, 1),
(4, 8),
(4, 11),
(5, 3),
(6, 6),
(7, 11),
(8, 10),
(9, 1),
(10, 1),
(11, 10);

INSERT INTO `photo` (`idP`, `cheminP`, `idR`) VALUES
(0, 'entrepote.jpg', 1),
(2, 'sapporo.jpg', 3),
(3, 'restaurant_entrepotes.jpg', 1),
(4, 'barDuCharcutier.jpg', 2),
(6, 'cidrerieDuFronton.jpg', 4),
(7, 'agadir.jpg', 5),
(8, 'leBistrotSainteCluque.jpg', 6),
(9, 'auberge.jpg', 7),
(10, 'laTableDePottoka.jpg', 8),
(11, 'rotisserieDuRoyLeon.jpg', 9),
(12, 'barDuMarche.jpg', 10),
(13, 'trinquetModerne.jpg', 11),
(14, 'cidrerieDuFronton2.jpg', 4),
(15, 'cidrerieDuFronton3.jpg', 4);

